{"cameraMode":{"drawMode":0,"name":"Shaded","section":"Shading Mode"},"sceneLighting":true,"audioPlay":false,"sceneViewState":{"m_AlwaysRefresh":false,"showFog":true,"showSkybox":true,"showFlares":true,"showImageEffects":true,"showParticleSystems":true,"showVisualEffectGraphs":true,"m_FxEnabled":true},"in2DMode":false,"pivot":{"x":-5.899344444274902,"y":-24.523277282714845,"z":176.97886657714845},"rotation":{"x":0.23169827461242677,"y":-0.03792906925082207,"z":0.009032323025166989,"w":0.9720234274864197},"size":66.81524658203125,"orthographic":false}