{"cameraMode":{"drawMode":0,"name":"Shaded","section":"Shading Mode"},"sceneLighting":false,"audioPlay":false,"sceneViewState":{"m_AlwaysRefresh":false,"showFog":true,"showSkybox":false,"showFlares":true,"showImageEffects":true,"showParticleSystems":true,"showVisualEffectGraphs":true,"m_FxEnabled":true},"in2DMode":false,"pivot":{"x":-0.3589528799057007,"y":0.22887340188026429,"z":0.25889432430267336},"rotation":{"x":-0.06870943307876587,"y":-0.5055640339851379,"z":0.04043741896748543,"w":-0.8591070771217346},"size":0.6708900928497315,"orthographic":false}